ORIGINAL, CLIP, START_FRAME, START_TIME, END_FRAME, END_TIME, NUM FRAMES, DURATION, MIN_CONF, MAX_CONF, MEAN_CONF
"inputs/j.mp4", "outputs/j_000.mp4", 60, 2.000000, 540, 18.000000, 480, 16.000000, 0.67, 0.91, 0.81
"inputs/j.mp4", "outputs/j_001.mp4", 660, 22.000000, 1200, 40.000000, 540, 18.000000, 0.32, 0.90, 0.71
"inputs/i.mp4", "outputs/i_000.mp4", 60, 2.000000, 540, 18.000000, 480, 16.000000, 0.67, 0.91, 0.81
"inputs/i.mp4", "outputs/i_001.mp4", 660, 22.000000, 1200, 40.000000, 540, 18.000000, 0.32, 0.90, 0.71
"inputs/h.mp4", "outputs/h_000.mp4", 60, 2.000000, 540, 18.000000, 480, 16.000000, 0.67, 0.91, 0.81
"inputs/h.mp4", "outputs/h_001.mp4", 660, 22.000000, 1200, 40.000000, 540, 18.000000, 0.32, 0.90, 0.71
"inputs/d.mp4", "outputs/d_000.mp4", 60, 2.000000, 540, 18.000000, 480, 16.000000, 0.67, 0.91, 0.81
"inputs/d.mp4", "outputs/d_001.mp4", 660, 22.000000, 1200, 40.000000, 540, 18.000000, 0.32, 0.90, 0.71
