ORIGINAL, CLIP, START_FRAME, START_TIME, END_FRAME, END_TIME, NUM FRAMES, DURATION, MIN_CONF, MAX_CONF, MEAN_CONF
, "outputs/i_001.mp4", 660, 22.000000, 1200, 40.000000, 540, 18.000000, 0.32, 0.90, 0.71
"inputs/g.mp4", "outputs/g_000.mp4", 60, 2.000000, 540, 18.000000, 480, 16.000000, 0.67, 0.91, 0.82
"inputs/g.mp4", "outputs/g_001.mp4", 660, 22.000000, 1200, 40.000000, 540, 18.000000, 0.32, 0.90, 0.71
"inputs/f.mp4", "outputs/f_000.mp4", 60, 2.000000, 540, 18.000000, 480, 16.000000, 0.67, 0.91, 0.81
"inputs/f.mp4", "outputs/f_001.mp4", 660, 22.000000, 1200, 40.000000, 540, 18.000000, 0.32, 0.90, 0.71
